customer_id,name_hash,phone_hash,email_hash,segment,region,industry,client_size,created_at
CUST_000000,nm_394881757,ph_5721220723,em_6726866584,premium,center,bank,small,2026-12-13T00:00:00
CUST_000001,nm_126845856,ph_7942275830,em_2192435911,young,north,bank,small,2026-07-08T00:00:00
CUST_000002,nm_640351041,ph_6846913767,em_4899217729,mass,center,bank,small,2026-03-19T00:00:00
CUST_000003,nm_141504706,ph_9561253864,em_7315908137,new,center,bank,small,2026-10-14T00:00:00
CUST_000004,nm_842699004,ph_6368562954,em_961597720,young,south,bank,small,2026-04-27T00:00:00
CUST_000005,nm_261710599,ph_3921576780,em_472367893,premium,north,bank,small,2026-02-25T00:00:00
CUST_000006,nm_822040812,ph_183793788,em_1576251004,young,center,bank,small,2026-07-15T00:00:00
CUST_000007,nm_693181266,ph_6454091764,em_3967662084,new,south,bank,small,2026-12-21T00:00:00
CUST_000008,nm_570033097,ph_199713199,em_3651860382,young,north,bank,small,2026-12-12T00:00:00
CUST_000009,nm_979344147,ph_5869381994,em_3650982505,young,center,bank,small,2026-12-10T00:00:00
CUST_000010,nm_953342514,ph_2081414095,em_6851301920,premium,north,bank,small,2026-01-02T00:00:00
CUST_000011,nm_998988800,ph_3010019184,em_6904839945,premium,north,bank,small,2026-07-12T00:00:00
CUST_000012,nm_594324971,ph_6113367635,em_3903369884,young,north,bank,small,2026-04-17T00:00:00
CUST_000013,nm_333359990,ph_893055105,em_4068526289,business,north,bank,small,2026-12-10T00:00:00
CUST_000014,nm_222478307,ph_1022363152,em_3079198985,business,north,bank,small,2026-05-02T00:00:00
CUST_000015,nm_112836429,ph_5050963666,em_9765809444,business,south,bank,small,2026-07-01T00:00:00
CUST_000016,nm_875601175,ph_8271736062,em_2389004758,mass,north,bank,small,2026-05-21T00:00:00
CUST_000017,nm_649392258,ph_8903355921,em_7341001151,premium,center,bank,small,2026-04-01T00:00:00
CUST_000018,nm_731890456,ph_4723190228,em_3413147746,young,south,bank,small,2026-12-11T00:00:00
CUST_000019,nm_736634896,ph_2434591603,em_2622433445,business,south,bank,small,2026-11-28T00:00:00
CUST_000020,nm_774889989,ph_4820075651,em_6363112913,premium,north,bank,small,2026-08-28T00:00:00
CUST_000021,nm_773201533,ph_4260759675,em_9776644592,young,south,bank,small,2026-10-23T00:00:00
CUST_000022,nm_556702466,ph_6109181638,em_8637560230,new,north,bank,small,2026-12-20T00:00:00
CUST_000023,nm_579954339,ph_6947609707,em_540268465,mass,north,bank,small,2026-07-07T00:00:00
CUST_000024,nm_3718390,ph_9708379219,em_9271087505,new,center,bank,small,2026-09-09T00:00:00
CUST_000025,nm_443405820,ph_1194418182,em_7928514220,premium,center,bank,small,2026-10-25T00:00:00
CUST_000026,nm_48613129,ph_6492261219,em_6668904645,business,center,bank,small,2026-07-31T00:00:00
CUST_000027,nm_144274115,ph_9587572926,em_3555666551,business,center,bank,small,2026-07-30T00:00:00
CUST_000028,nm_172512768,ph_22642412,em_2736055250,young,north,bank,small,2026-08-23T00:00:00
CUST_000029,nm_141087087,ph_7371172580,em_697827170,premium,north,bank,small,2026-07-11T00:00:00
CUST_000030,nm_477304602,ph_188296991,em_2946673178,premium,south,bank,small,2026-08-18T00:00:00
CUST_000031,nm_22814720,ph_7093759652,em_6542255787,new,north,bank,small,2026-01-28T00:00:00
CUST_000032,nm_376528270,ph_8925998793,em_7806267678,premium,center,bank,small,2026-10-20T00:00:00
CUST_000033,nm_42573106,ph_84753255,em_1372370207,business,south,bank,small,2026-04-25T00:00:00
CUST_000034,nm_687421865,ph_7838584750,em_2039821706,mass,north,bank,small,2026-07-11T00:00:00
CUST_000035,nm_568592653,ph_6300681565,em_2405573175,business,center,bank,small,2026-08-05T00:00:00
CUST_000036,nm_804806825,ph_1615474278,em_3884842150,business,north,bank,small,2026-01-31T00:00:00
CUST_000037,nm_231196234,ph_6209525895,em_7776619447,premium,center,bank,small,2026-07-19T00:00:00
CUST_000038,nm_618111145,ph_5869640166,em_6382952503,new,south,bank,small,2026-04-18T00:00:00
CUST_000039,nm_58397425,ph_9924219248,em_6819842638,premium,center,bank,small,2026-07-26T00:00:00
CUST_000040,nm_576338085,ph_7737632362,em_1418924484,young,north,bank,small,2026-10-02T00:00:00
CUST_000041,nm_899197513,ph_883071241,em_8079260039,premium,south,bank,small,2026-09-01T00:00:00
CUST_000042,nm_254180287,ph_8922063196,em_6924675536,premium,center,bank,small,2026-05-15T00:00:00
CUST_000043,nm_32374891,ph_5584098292,em_3893393831,young,south,bank,small,2026-08-12T00:00:00
CUST_000044,nm_544090232,ph_6628201176,em_3582940912,premium,north,bank,small,2026-01-08T00:00:00
CUST_000045,nm_388261308,ph_9369749467,em_4536467687,premium,south,bank,small,2026-01-17T00:00:00
CUST_000046,nm_144070385,ph_4043035619,em_5522978914,young,center,bank,small,2026-09-10T00:00:00
CUST_000047,nm_446830578,ph_5632963141,em_4098096987,young,north,bank,small,2026-03-20T00:00:00
CUST_000048,nm_707023534,ph_5158193516,em_9535760233,new,north,bank,small,2026-06-20T00:00:00
CUST_000049,nm_884274955,ph_8330569730,em_8008824686,premium,south,bank,small,2026-12-04T00:00:00
CUST_000050,nm_605005731,ph_3935102177,em_4346301145,business,center,bank,small,2027-01-01T00:00:00
CUST_000051,nm_437704308,ph_1164906462,em_9254179689,mass,center,bank,small,2026-04-30T00:00:00
CUST_000052,nm_439269828,ph_8524100017,em_2769445237,business,north,bank,small,2026-07-29T00:00:00
CUST_000053,nm_68809638,ph_2707871708,em_9180806009,mass,center,bank,small,2026-03-21T00:00:00
CUST_000054,nm_392521570,ph_1463009663,em_3847168675,business,north,bank,small,2026-07-11T00:00:00
CUST_000055,nm_195329278,ph_4503867224,em_7341467793,mass,south,bank,small,2026-08-17T00:00:00
CUST_000056,nm_144143711,ph_8170121180,em_8136591270,new,north,bank,small,2026-06-21T00:00:00
CUST_000057,nm_850356220,ph_6243223220,em_6940145406,mass,center,bank,small,2026-11-23T00:00:00
CUST_000058,nm_347524519,ph_8562737044,em_4506393475,mass,south,bank,small,2026-06-12T00:00:00
CUST_000059,nm_610515787,ph_6868279142,em_7746139378,premium,south,bank,small,2026-04-27T00:00:00
CUST_000060,nm_85656884,ph_5247686379,em_7165450996,premium,north,bank,small,2026-09-11T00:00:00
CUST_000061,nm_692686907,ph_9031801047,em_3005368451,business,north,bank,small,2026-05-27T00:00:00
CUST_000062,nm_975662119,ph_98660167,em_7743289554,business,center,bank,small,2026-04-22T00:00:00
CUST_000063,nm_128175539,ph_7889547654,em_87327970,business,north,bank,small,2026-03-14T00:00:00
CUST_000064,nm_621948932,ph_8999097562,em_8981795832,mass,south,bank,small,2026-01-21T00:00:00
CUST_000065,nm_65147712,ph_4970857254,em_3421990722,new,south,bank,small,2026-02-11T00:00:00
CUST_000066,nm_521744089,ph_1474739339,em_8835399707,young,south,bank,small,2026-11-25T00:00:00
CUST_000067,nm_143271832,ph_6333864249,em_4176743944,mass,north,bank,small,2026-09-07T00:00:00
CUST_000068,nm_787744135,ph_8999845958,em_6604613248,business,center,bank,small,2026-12-02T00:00:00
CUST_000069,nm_924248026,ph_4182661295,em_7769202065,mass,south,bank,small,2026-01-13T00:00:00
CUST_000070,nm_858407307,ph_7540087633,em_7427088699,mass,center,bank,small,2026-01-31T00:00:00
CUST_000071,nm_595413574,ph_6445743347,em_709734340,premium,south,bank,small,2026-12-18T00:00:00
CUST_000072,nm_141881588,ph_5469097250,em_5360875377,mass,center,bank,small,2026-11-21T00:00:00
CUST_000073,nm_490289779,ph_9184730629,em_9892788604,young,north,bank,small,2026-06-10T00:00:00
CUST_000074,nm_337478388,ph_2449860467,em_1750350282,business,north,bank,small,2026-06-18T00:00:00
CUST_000075,nm_973195002,ph_2641159643,em_536609148,mass,center,bank,small,2026-11-24T00:00:00
CUST_000076,nm_777041008,ph_4494158513,em_5716244095,premium,center,bank,small,2026-02-09T00:00:00
CUST_000077,nm_608688805,ph_7076754658,em_5030179330,business,center,bank,small,2026-05-28T00:00:00
CUST_000078,nm_132521667,ph_3315597832,em_2812373461,young,north,bank,small,2026-05-02T00:00:00
CUST_000079,nm_769040683,ph_4735376452,em_6406456669,premium,center,bank,small,2026-01-09T00:00:00
CUST_000080,nm_624297247,ph_8468145229,em_7223393302,mass,south,bank,small,2026-09-07T00:00:00
CUST_000081,nm_887831214,ph_6866575201,em_3226227297,premium,north,bank,small,2026-11-04T00:00:00
CUST_000082,nm_918532187,ph_279189928,em_6326790557,new,center,bank,small,2026-11-16T00:00:00
CUST_000083,nm_770899415,ph_961159237,em_2052214220,young,south,bank,small,2026-09-28T00:00:00
CUST_000084,nm_875501238,ph_6273490657,em_1917971338,mass,south,bank,small,2026-05-30T00:00:00
CUST_000085,nm_604553793,ph_2397700247,em_766420944,young,south,bank,small,2026-05-15T00:00:00
CUST_000086,nm_908478611,ph_1282545764,em_6648189626,mass,north,bank,small,2026-04-23T00:00:00
CUST_000087,nm_102048827,ph_9345827434,em_8415705326,young,center,bank,small,2026-09-09T00:00:00
CUST_000088,nm_955066615,ph_8378362794,em_7741545056,mass,center,bank,small,2026-04-17T00:00:00
CUST_000089,nm_912040799,ph_489581821,em_8953529532,premium,south,bank,small,2026-04-27T00:00:00
CUST_000090,nm_799322715,ph_6217597505,em_2978342879,mass,north,bank,small,2026-07-16T00:00:00
CUST_000091,nm_365172175,ph_9354389811,em_8656550302,young,south,bank,small,2026-07-21T00:00:00
CUST_000092,nm_225803067,ph_9154547513,em_8921190415,young,center,bank,small,2026-06-11T00:00:00
CUST_000093,nm_942372562,ph_8621232223,em_1079578539,new,south,bank,small,2026-10-10T00:00:00
CUST_000094,nm_211392222,ph_3368484822,em_2999592929,business,south,bank,small,2026-03-24T00:00:00
CUST_000095,nm_900930433,ph_3353268004,em_5976210096,young,north,bank,small,2026-09-17T00:00:00
CUST_000096,nm_141857998,ph_7642199263,em_3496004599,mass,center,bank,small,2026-08-29T00:00:00
CUST_000097,nm_870605664,ph_5283486901,em_5135912781,premium,center,bank,small,2026-10-12T00:00:00
CUST_000098,nm_778024323,ph_1771032229,em_6501642112,mass,south,bank,small,2026-07-21T00:00:00
CUST_000099,nm_503499236,ph_5433622529,em_1617514032,mass,center,bank,small,2026-01-11T00:00:00
CUST_000100,nm_843330072,ph_8316919907,em_7101476386,mass,center,bank,small,2026-02-16T00:00:00
CUST_000101,nm_864514174,ph_506434808,em_1321297225,young,center,bank,small,2026-10-02T00:00:00
CUST_000102,nm_919960524,ph_3601528929,em_5370517673,mass,north,bank,small,2026-01-26T00:00:00
CUST_000103,nm_941180994,ph_4089789138,em_5289966317,business,north,bank,small,2026-12-28T00:00:00
CUST_000104,nm_802005190,ph_1842117151,em_2084797125,premium,center,bank,small,2026-03-05T00:00:00
CUST_000105,nm_949829679,ph_4281402478,em_3058315299,premium,north,bank,small,2026-12-17T00:00:00
CUST_000106,nm_159017159,ph_9707372916,em_8303167965,young,north,bank,small,2026-02-09T00:00:00
CUST_000107,nm_838897362,ph_3093341146,em_4384312570,premium,north,bank,small,2026-05-20T00:00:00
CUST_000108,nm_84949670,ph_719955471,em_6271012028,new,north,bank,small,2026-01-22T00:00:00
CUST_000109,nm_443357423,ph_8618176886,em_1185826598,young,center,bank,small,2026-06-27T00:00:00
CUST_000110,nm_634228702,ph_966821802,em_2544284223,new,center,bank,small,2026-11-07T00:00:00
CUST_000111,nm_245428674,ph_8266806519,em_3431851477,mass,south,bank,small,2026-08-18T00:00:00
CUST_000112,nm_257157667,ph_866469348,em_1247048127,young,center,bank,small,2026-08-15T00:00:00
CUST_000113,nm_435341461,ph_3297627250,em_9956152450,premium,center,bank,small,2026-07-19T00:00:00
CUST_000114,nm_554494492,ph_8670346775,em_5251548268,business,center,bank,small,2026-01-02T00:00:00
CUST_000115,nm_544461414,ph_7045163501,em_5302060205,premium,north,bank,small,2026-04-12T00:00:00
CUST_000116,nm_782988146,ph_895759286,em_2184303481,business,center,bank,small,2026-11-21T00:00:00
CUST_000117,nm_141413314,ph_3849459185,em_6621210492,premium,south,bank,small,2026-10-19T00:00:00
CUST_000118,nm_305109469,ph_2677024341,em_6177298887,young,north,bank,small,2026-12-22T00:00:00
CUST_000119,nm_580348882,ph_2337396339,em_6113475932,new,north,bank,small,2026-01-11T00:00:00
CUST_000120,nm_323066282,ph_6229854297,em_6565248308,new,center,bank,small,2026-03-07T00:00:00
CUST_000121,nm_603519523,ph_8364877646,em_256135186,premium,north,bank,small,2026-05-01T00:00:00
CUST_000122,nm_689539717,ph_488393550,em_9921664638,premium,south,bank,small,2026-05-08T00:00:00
CUST_000123,nm_652838187,ph_8404747743,em_3707952171,mass,north,bank,small,2026-10-07T00:00:00
CUST_000124,nm_298998519,ph_4386968894,em_8069255749,young,south,bank,small,2026-09-25T00:00:00
CUST_000125,nm_474650352,ph_844960129,em_4775940094,young,north,bank,small,2026-04-10T00:00:00
CUST_000126,nm_594331079,ph_9645853163,em_23744974,business,south,bank,small,2026-02-23T00:00:00
CUST_000127,nm_535245207,ph_5586533529,em_3384970274,business,north,bank,small,2026-08-12T00:00:00
CUST_000128,nm_187717473,ph_4978971553,em_8008672468,new,north,bank,small,2026-01-31T00:00:00
CUST_000129,nm_90537236,ph_6515677450,em_2427041741,premium,south,bank,small,2026-01-05T00:00:00
CUST_000130,nm_34826892,ph_4378157834,em_1927473291,business,north,bank,small,2026-08-09T00:00:00
CUST_000131,nm_442138917,ph_1452053003,em_207727201,new,north,bank,small,2026-12-05T00:00:00
CUST_000132,nm_232918655,ph_2037212086,em_1739662333,young,north,bank,small,2026-09-12T00:00:00
CUST_000133,nm_904297101,ph_1107871073,em_9543254945,young,center,bank,small,2026-06-05T00:00:00
CUST_000134,nm_480677668,ph_9174178989,em_5736385151,business,north,bank,small,2026-03-25T00:00:00
CUST_000135,nm_213081585,ph_3204512752,em_384321638,young,center,bank,small,2026-11-28T00:00:00
CUST_000136,nm_581346859,ph_1404947701,em_7198303160,premium,north,bank,small,2026-05-07T00:00:00
CUST_000137,nm_464722797,ph_8514101264,em_948664360,business,north,bank,small,2026-12-28T00:00:00
CUST_000138,nm_880652850,ph_8964501864,em_3757992575,premium,north,bank,small,2026-09-13T00:00:00
CUST_000139,nm_858691505,ph_3162173868,em_9697205749,new,south,bank,small,2026-12-18T00:00:00
CUST_000140,nm_552262564,ph_9914227527,em_2732509493,young,north,bank,small,2026-03-14T00:00:00
CUST_000141,nm_980941749,ph_6102507238,em_8681152974,mass,north,bank,small,2026-10-09T00:00:00
CUST_000142,nm_582490302,ph_6919582635,em_3728116813,new,north,bank,small,2026-07-08T00:00:00
CUST_000143,nm_279966459,ph_821045188,em_6911261329,premium,center,bank,small,2026-02-18T00:00:00
CUST_000144,nm_992228522,ph_9093763382,em_8694362129,business,center,bank,small,2026-08-07T00:00:00
CUST_000145,nm_23882691,ph_3911383717,em_5419142266,mass,center,bank,small,2026-11-01T00:00:00
CUST_000146,nm_420932152,ph_5576203233,em_3192897521,business,south,bank,small,2026-03-03T00:00:00
CUST_000147,nm_558193222,ph_8222799302,em_1358482286,new,south,bank,small,2026-03-11T00:00:00
CUST_000148,nm_836457624,ph_8332087178,em_8418186625,business,south,bank,small,2026-04-27T00:00:00
CUST_000149,nm_43199967,ph_1731770183,em_1456023594,young,north,bank,small,2026-06-06T00:00:00
CUST_000150,nm_96641851,ph_1408971853,em_8896308585,new,north,bank,small,2026-03-30T00:00:00
CUST_000151,nm_620399985,ph_5947622456,em_958277325,young,center,bank,small,2026-09-14T00:00:00
CUST_000152,nm_392727453,ph_7872048791,em_7089506793,mass,south,bank,small,2026-09-12T00:00:00
CUST_000153,nm_90360603,ph_663722389,em_6855198744,premium,center,bank,small,2026-12-21T00:00:00
CUST_000154,nm_941688578,ph_6817738210,em_9566342452,young,north,bank,small,2026-09-13T00:00:00
CUST_000155,nm_557510086,ph_8301664879,em_4575384704,new,north,bank,small,2026-12-22T00:00:00
CUST_000156,nm_270918721,ph_6723788550,em_9839344909,premium,south,bank,small,2026-08-02T00:00:00
CUST_000157,nm_687848508,ph_1012552516,em_5773654783,young,center,bank,small,2026-09-17T00:00:00
CUST_000158,nm_181755749,ph_6842643553,em_719016959,young,south,bank,small,2026-01-23T00:00:00
CUST_000159,nm_690722649,ph_5914959202,em_4531095345,mass,center,bank,small,2026-02-16T00:00:00
CUST_000160,nm_844109897,ph_6620135019,em_4181093354,mass,south,bank,small,2026-01-28T00:00:00
CUST_000161,nm_932584143,ph_63771805,em_8589379010,new,north,bank,small,2026-02-28T00:00:00
CUST_000162,nm_457872348,ph_1704566232,em_6142512736,business,north,bank,small,2026-03-30T00:00:00
CUST_000163,nm_616679418,ph_5093542896,em_3525178926,business,south,bank,small,2026-11-11T00:00:00
CUST_000164,nm_881090755,ph_4550149335,em_5926520785,young,center,bank,small,2026-05-22T00:00:00
CUST_000165,nm_151018735,ph_3824111642,em_3941328349,premium,north,bank,small,2026-06-26T00:00:00
CUST_000166,nm_330408201,ph_6797047380,em_4693499628,business,north,bank,small,2026-09-28T00:00:00
CUST_000167,nm_577723306,ph_1004858337,em_2003101957,young,north,bank,small,2026-07-24T00:00:00
CUST_000168,nm_72544379,ph_5718814546,em_2522921958,mass,north,bank,small,2026-12-04T00:00:00
CUST_000169,nm_917324396,ph_4135255534,em_5888523378,young,north,bank,small,2026-05-04T00:00:00
CUST_000170,nm_331521602,ph_7730469294,em_8745927230,business,center,bank,small,2026-11-01T00:00:00
CUST_000171,nm_168948124,ph_4993707968,em_3267987128,business,north,bank,small,2026-07-27T00:00:00
CUST_000172,nm_711544089,ph_7298933683,em_4128730640,premium,north,bank,small,2026-09-23T00:00:00
CUST_000173,nm_728243885,ph_4456854699,em_2919470173,premium,south,bank,small,2026-03-10T00:00:00
CUST_000174,nm_815916499,ph_9441586561,em_2696059243,young,center,bank,small,2026-02-14T00:00:00
CUST_000175,nm_777652718,ph_5303526126,em_9316255723,new,south,bank,small,2026-06-28T00:00:00
CUST_000176,nm_196917908,ph_6654293620,em_3248589130,young,north,bank,small,2026-02-23T00:00:00
CUST_000177,nm_704091422,ph_8651412625,em_592509072,mass,north,bank,small,2026-11-28T00:00:00
CUST_000178,nm_550660887,ph_9329430630,em_4746760611,mass,north,bank,small,2026-08-07T00:00:00
CUST_000179,nm_376263640,ph_7465332295,em_576850832,young,center,bank,small,2026-05-05T00:00:00
CUST_000180,nm_964892974,ph_6406963653,em_9253820098,new,south,bank,small,2026-05-18T00:00:00
CUST_000181,nm_852996329,ph_6486827852,em_2253839675,new,center,bank,small,2026-02-07T00:00:00
CUST_000182,nm_493541500,ph_6492564524,em_2911642229,new,south,bank,small,2026-03-27T00:00:00
CUST_000183,nm_959663373,ph_9869561852,em_48082925,mass,center,bank,small,2026-02-13T00:00:00
CUST_000184,nm_203838383,ph_7150610716,em_4687081252,premium,north,bank,small,2026-01-07T00:00:00
CUST_000185,nm_480174560,ph_6589212591,em_969274511,young,south,bank,small,2026-01-15T00:00:00
CUST_000186,nm_711403109,ph_855436848,em_1660081654,premium,center,bank,small,2026-10-03T00:00:00
CUST_000187,nm_712053476,ph_9129896658,em_7384368898,mass,south,bank,small,2026-08-08T00:00:00
CUST_000188,nm_248127840,ph_8839811038,em_8668782852,business,north,bank,small,2026-10-11T00:00:00
CUST_000189,nm_232482898,ph_500466487,em_9437008030,young,south,bank,small,2026-08-13T00:00:00
CUST_000190,nm_520872354,ph_1147268667,em_717785453,premium,center,bank,small,2026-06-25T00:00:00
CUST_000191,nm_754070420,ph_9258775794,em_3764426929,mass,center,bank,small,2026-11-27T00:00:00
CUST_000192,nm_42548597,ph_2673197887,em_4891160496,new,center,bank,small,2026-03-19T00:00:00
CUST_000193,nm_40998847,ph_3480997038,em_4915530709,young,north,bank,small,2026-01-28T00:00:00
CUST_000194,nm_398494298,ph_8331723293,em_6746455133,premium,center,bank,small,2026-03-09T00:00:00
CUST_000195,nm_125938807,ph_6236194163,em_4043754754,mass,north,bank,small,2026-01-04T00:00:00
CUST_000196,nm_333129555,ph_5420293282,em_7305560021,new,center,bank,small,2026-04-01T00:00:00
CUST_000197,nm_182846824,ph_2478680643,em_4427287649,business,south,bank,small,2026-08-03T00:00:00
CUST_000198,nm_500709166,ph_2046103936,em_3674654399,young,south,bank,small,2026-08-16T00:00:00
CUST_000199,nm_720554200,ph_5659833578,em_4536646313,business,center,bank,small,2026-11-08T00:00:00
CUST_000200,nm_490429672,ph_6509583502,em_5466122320,new,center,bank,small,2026-12-19T00:00:00
CUST_000201,nm_384457307,ph_5788304593,em_4326450083,business,center,bank,small,2026-09-15T00:00:00
CUST_000202,nm_753119903,ph_6658010991,em_3578155742,new,north,bank,small,2026-01-24T00:00:00
CUST_000203,nm_315206870,ph_5405559894,em_5637662773,business,north,bank,small,2026-08-09T00:00:00
CUST_000204,nm_393985972,ph_4308322674,em_4214585133,young,north,bank,small,2026-07-20T00:00:00
CUST_000205,nm_997592503,ph_889323004,em_1553776005,business,north,bank,small,2026-05-08T00:00:00
CUST_000206,nm_430915061,ph_942106004,em_8874438188,young,north,bank,small,2026-02-09T00:00:00
CUST_000207,nm_730766619,ph_1812217680,em_1173512588,mass,north,bank,small,2026-03-19T00:00:00
CUST_000208,nm_326005389,ph_8186126217,em_1547705123,new,north,bank,small,2026-06-11T00:00:00
CUST_000209,nm_352601166,ph_6753967029,em_5395002990,premium,center,bank,small,2026-06-05T00:00:00
CUST_000210,nm_566505933,ph_7244817387,em_5711966447,business,north,bank,small,2026-06-18T00:00:00
CUST_000211,nm_53185340,ph_719275259,em_9452034825,young,south,bank,small,2026-11-12T00:00:00
CUST_000212,nm_163562836,ph_4248652681,em_9623800320,premium,north,bank,small,2026-06-23T00:00:00
CUST_000213,nm_975694224,ph_8981719401,em_3471818881,mass,south,bank,small,2026-02-02T00:00:00
CUST_000214,nm_740518746,ph_4570544087,em_6494240853,business,north,bank,small,2026-11-01T00:00:00
CUST_000215,nm_804187769,ph_2809185996,em_2607864980,young,south,bank,small,2026-12-19T00:00:00
CUST_000216,nm_41050267,ph_8311003012,em_7862432596,business,south,bank,small,2026-05-06T00:00:00
CUST_000217,nm_785549922,ph_7014597689,em_5271519571,young,north,bank,small,2026-07-31T00:00:00
CUST_000218,nm_392266995,ph_2366398072,em_6975682963,new,south,bank,small,2026-02-06T00:00:00
CUST_000219,nm_158945843,ph_4124309428,em_2624648898,mass,south,bank,small,2026-12-13T00:00:00
CUST_000220,nm_83611062,ph_7693015101,em_8961995934,young,north,bank,small,2026-11-28T00:00:00
CUST_000221,nm_773881810,ph_4726246742,em_6828544122,mass,center,bank,small,2026-05-29T00:00:00
CUST_000222,nm_305218913,ph_5628104592,em_1781387976,mass,center,bank,small,2026-01-20T00:00:00
CUST_000223,nm_707149105,ph_6978243036,em_7794528054,premium,south,bank,small,2026-07-22T00:00:00
CUST_000224,nm_279182237,ph_1301289578,em_37952054,business,south,bank,small,2026-10-24T00:00:00
CUST_000225,nm_327351632,ph_3154644269,em_6581606085,young,north,bank,small,2026-09-13T00:00:00
CUST_000226,nm_2821487,ph_2383058168,em_6759780449,mass,center,bank,small,2026-08-11T00:00:00
CUST_000227,nm_307091914,ph_4409830597,em_9129509415,new,north,bank,small,2026-08-14T00:00:00
CUST_000228,nm_64386611,ph_4097594704,em_9199880988,new,center,bank,small,2026-07-14T00:00:00
CUST_000229,nm_815963180,ph_647027311,em_9865086265,young,north,bank,small,2026-10-10T00:00:00
CUST_000230,nm_886694014,ph_8877487031,em_7545340772,mass,north,bank,small,2026-10-01T00:00:00
CUST_000231,nm_717797638,ph_9586888792,em_5784441123,business,center,bank,small,2026-05-01T00:00:00
CUST_000232,nm_515949002,ph_8899879386,em_1365939858,business,south,bank,small,2026-08-11T00:00:00
CUST_000233,nm_488846090,ph_6991538436,em_4472022885,mass,south,bank,small,2026-02-10T00:00:00
CUST_000234,nm_352810392,ph_3272410989,em_9804568580,premium,center,bank,small,2026-04-06T00:00:00
CUST_000235,nm_294953041,ph_7094432955,em_639649441,new,north,bank,small,2026-07-07T00:00:00
CUST_000236,nm_312282526,ph_8064181517,em_5516271526,premium,south,bank,small,2026-07-29T00:00:00
CUST_000237,nm_902271719,ph_2671216755,em_372099898,mass,north,bank,small,2026-08-15T00:00:00
CUST_000238,nm_426844703,ph_8474403333,em_591944236,business,north,bank,small,2026-12-18T00:00:00
CUST_000239,nm_200299017,ph_1775849347,em_5233365379,business,south,bank,small,2026-11-13T00:00:00
CUST_000240,nm_400301438,ph_7182386437,em_2179817742,business,center,bank,small,2026-07-21T00:00:00
CUST_000241,nm_10270399,ph_2105221648,em_349708900,business,south,bank,small,2026-02-03T00:00:00
CUST_000242,nm_125040782,ph_5312550523,em_7466763321,new,north,bank,small,2026-07-20T00:00:00
CUST_000243,nm_542387656,ph_1783182931,em_6778759033,young,center,bank,small,2026-04-12T00:00:00
CUST_000244,nm_464439489,ph_8896604770,em_107188216,premium,center,bank,small,2026-12-18T00:00:00
CUST_000245,nm_169285977,ph_6067245751,em_9194590607,young,north,bank,small,2026-11-06T00:00:00
CUST_000246,nm_619023730,ph_8557055026,em_9189783321,mass,center,bank,small,2026-08-02T00:00:00
CUST_000247,nm_143636908,ph_1153439836,em_3048870070,young,north,bank,small,2026-11-16T00:00:00
CUST_000248,nm_606682997,ph_1308168188,em_1337973301,mass,center,bank,small,2026-11-23T00:00:00
CUST_000249,nm_769795395,ph_6378797247,em_4363505349,mass,center,bank,small,2026-04-10T00:00:00
CUST_000250,nm_450279690,ph_6229274622,em_585685225,mass,center,bank,small,2026-09-12T00:00:00
CUST_000251,nm_506978531,ph_9316920158,em_3226344166,young,north,bank,small,2026-07-20T00:00:00
CUST_000252,nm_140806743,ph_8383784202,em_9882192565,business,center,bank,small,2026-04-14T00:00:00
CUST_000253,nm_326111786,ph_5934736083,em_4147000325,premium,north,bank,small,2026-01-14T00:00:00
CUST_000254,nm_629349658,ph_2337233428,em_1802996720,premium,north,bank,small,2026-01-24T00:00:00
CUST_000255,nm_730633342,ph_2093657653,em_9082403617,new,south,bank,small,2026-10-21T00:00:00
CUST_000256,nm_314030078,ph_2065518979,em_3054262422,premium,center,bank,small,2026-07-22T00:00:00
CUST_000257,nm_881112598,ph_7318654930,em_8945563456,young,center,bank,small,2026-06-10T00:00:00
CUST_000258,nm_919054538,ph_7253369612,em_3340202137,business,center,bank,small,2026-07-20T00:00:00
CUST_000259,nm_975459302,ph_6206622304,em_5843318277,new,center,bank,small,2026-04-09T00:00:00
CUST_000260,nm_301927213,ph_9544016384,em_8141583203,premium,center,bank,small,2026-01-17T00:00:00
CUST_000261,nm_260073752,ph_7691996063,em_9478471080,premium,center,bank,small,2026-01-10T00:00:00
CUST_000262,nm_764318247,ph_5498394353,em_9030794526,premium,north,bank,small,2026-05-24T00:00:00
CUST_000263,nm_367335522,ph_1722471910,em_81726164,new,center,bank,small,2026-01-05T00:00:00
CUST_000264,nm_122658169,ph_1582665425,em_1409929114,mass,center,bank,small,2026-12-18T00:00:00
CUST_000265,nm_457243204,ph_6159806427,em_3676851834,young,south,bank,small,2026-09-11T00:00:00
CUST_000266,nm_146036322,ph_6398241906,em_73203938,business,north,bank,small,2026-08-04T00:00:00
CUST_000267,nm_155264395,ph_8849427469,em_155103834,business,south,bank,small,2026-09-27T00:00:00
CUST_000268,nm_89310812,ph_2567407486,em_8483065494,new,center,bank,small,2026-09-03T00:00:00
CUST_000269,nm_889898901,ph_5293895995,em_1108601555,young,center,bank,small,2026-12-12T00:00:00
CUST_000270,nm_360101450,ph_2088988511,em_6518401345,mass,center,bank,small,2026-06-24T00:00:00
CUST_000271,nm_117860389,ph_8000451306,em_6733122819,new,north,bank,small,2026-04-05T00:00:00
CUST_000272,nm_400152048,ph_562032752,em_8257336028,business,north,bank,small,2026-08-08T00:00:00
CUST_000273,nm_984595954,ph_313936329,em_2872508500,mass,center,bank,small,2026-01-06T00:00:00
CUST_000274,nm_29754774,ph_7433728012,em_5027914654,mass,north,bank,small,2026-09-20T00:00:00
CUST_000275,nm_188630742,ph_2216483836,em_7303364364,mass,north,bank,small,2026-11-04T00:00:00
CUST_000276,nm_584873868,ph_5075820334,em_4669531335,new,north,bank,small,2026-10-30T00:00:00
CUST_000277,nm_274165622,ph_8960405926,em_6097767473,new,center,bank,small,2026-12-08T00:00:00
CUST_000278,nm_600557052,ph_9631704379,em_265123958,young,center,bank,small,2026-04-18T00:00:00
CUST_000279,nm_362930174,ph_1246097097,em_7203294217,business,north,bank,small,2026-06-26T00:00:00
CUST_000280,nm_24818969,ph_1729076750,em_5681756680,business,center,bank,small,2026-09-10T00:00:00
CUST_000281,nm_509416988,ph_1468521044,em_5389340472,new,south,bank,small,2026-02-06T00:00:00
CUST_000282,nm_398439502,ph_7882382819,em_9176641213,new,center,bank,small,2026-09-20T00:00:00
CUST_000283,nm_371192322,ph_4127326468,em_7738461831,new,north,bank,small,2026-06-25T00:00:00
CUST_000284,nm_320394404,ph_4199789248,em_6818604674,new,north,bank,small,2026-01-21T00:00:00
CUST_000285,nm_833132754,ph_4478930652,em_8665103043,young,south,bank,small,2026-02-07T00:00:00
CUST_000286,nm_877411798,ph_7798365420,em_6902225572,new,north,bank,small,2026-07-24T00:00:00
CUST_000287,nm_801986468,ph_81035849,em_273110823,mass,center,bank,small,2026-08-09T00:00:00
CUST_000288,nm_742595013,ph_630993878,em_8958643204,business,north,bank,small,2026-05-14T00:00:00
CUST_000289,nm_877667190,ph_9187817535,em_254917824,mass,south,bank,small,2026-11-30T00:00:00
CUST_000290,nm_122683794,ph_6242396740,em_8947493212,mass,center,bank,small,2026-09-06T00:00:00
CUST_000291,nm_962307462,ph_9986754021,em_1693646801,mass,south,bank,small,2026-04-01T00:00:00
CUST_000292,nm_933502911,ph_3778405094,em_9064758282,premium,center,bank,small,2026-10-19T00:00:00
CUST_000293,nm_381790437,ph_8978613877,em_9830323046,mass,center,bank,small,2026-12-30T00:00:00
CUST_000294,nm_998935394,ph_3476678257,em_7489966151,business,south,bank,small,2026-05-13T00:00:00
CUST_000295,nm_676317083,ph_8542995539,em_1287161612,business,center,bank,small,2026-11-30T00:00:00
CUST_000296,nm_953400212,ph_3164470980,em_2426672820,young,center,bank,small,2026-12-07T00:00:00
CUST_000297,nm_75479442,ph_5263471910,em_7437610864,new,center,bank,small,2026-09-25T00:00:00
CUST_000298,nm_234914489,ph_1570772022,em_8080061142,new,south,bank,small,2026-06-06T00:00:00
CUST_000299,nm_911841334,ph_7744759017,em_5041762685,new,center,bank,small,2027-01-01T00:00:00
CUST_000300,nm_266200043,ph_3060968954,em_5760417593,mass,north,bank,small,2026-11-13T00:00:00
CUST_000301,nm_230082099,ph_9378644098,em_118933046,new,center,bank,small,2026-08-16T00:00:00
CUST_000302,nm_239426455,ph_5379714171,em_637495009,mass,south,bank,small,2026-10-11T00:00:00
CUST_000303,nm_906677534,ph_3901651167,em_4641926841,new,south,bank,small,2026-12-09T00:00:00
CUST_000304,nm_79802246,ph_5589914797,em_6597763478,business,south,bank,small,2026-11-18T00:00:00
CUST_000305,nm_540863097,ph_7461965532,em_4381210328,new,center,bank,small,2026-02-01T00:00:00
CUST_000306,nm_560941571,ph_5118554334,em_5292514814,young,south,bank,small,2026-03-23T00:00:00
CUST_000307,nm_674632641,ph_4274589899,em_8125803862,business,south,bank,small,2026-08-12T00:00:00
CUST_000308,nm_307481887,ph_7515173324,em_3135247888,business,south,bank,small,2026-03-11T00:00:00
CUST_000309,nm_74645824,ph_9001459627,em_2941887557,new,south,bank,small,2026-09-26T00:00:00
CUST_000310,nm_867544883,ph_4221808565,em_1702242337,premium,south,bank,small,2026-09-13T00:00:00
CUST_000311,nm_526655926,ph_6871471506,em_8873692232,business,north,bank,small,2026-04-14T00:00:00
CUST_000312,nm_674189385,ph_819874504,em_9980420341,premium,south,bank,small,2026-09-21T00:00:00
CUST_000313,nm_294399327,ph_5642232071,em_4968130164,new,center,bank,small,2026-11-30T00:00:00
CUST_000314,nm_915789063,ph_7193725653,em_2577230656,premium,center,bank,small,2026-02-01T00:00:00
CUST_000315,nm_472172631,ph_4923534307,em_6488247674,business,north,bank,small,2026-09-06T00:00:00
CUST_000316,nm_985099152,ph_9466028894,em_1162411842,premium,center,bank,small,2026-02-01T00:00:00
CUST_000317,nm_545277044,ph_5728732180,em_5176947175,mass,north,bank,small,2026-07-29T00:00:00
CUST_000318,nm_409893742,ph_5907222033,em_4670099714,business,center,bank,small,2026-08-08T00:00:00
CUST_000319,nm_177393196,ph_7390237878,em_6523869643,mass,south,bank,small,2026-08-09T00:00:00
CUST_000320,nm_826624077,ph_8918277894,em_1898279505,business,north,bank,small,2026-04-19T00:00:00
CUST_000321,nm_848935422,ph_6654594071,em_8485083530,new,south,bank,small,2026-01-15T00:00:00
CUST_000322,nm_341403075,ph_7089469178,em_9692983689,new,south,bank,small,2026-10-27T00:00:00
CUST_000323,nm_9311987,ph_8226122339,em_480340567,business,south,bank,small,2026-06-21T00:00:00
CUST_000324,nm_860689334,ph_6561034203,em_1321798293,young,north,bank,small,2026-12-10T00:00:00
CUST_000325,nm_403700689,ph_2670687424,em_6651296083,new,north,bank,small,2026-08-31T00:00:00
CUST_000326,nm_971322076,ph_9740967309,em_9009262400,business,north,bank,small,2026-06-18T00:00:00
CUST_000327,nm_829919487,ph_4548495371,em_4006854889,new,center,bank,small,2026-01-08T00:00:00
CUST_000328,nm_763416590,ph_3140687944,em_15561859,premium,center,bank,small,2026-10-02T00:00:00
CUST_000329,nm_502844615,ph_8629918843,em_7810479448,premium,north,bank,small,2026-11-23T00:00:00
CUST_000330,nm_386588429,ph_3759276980,em_5660775080,young,north,bank,small,2026-09-22T00:00:00
CUST_000331,nm_990644935,ph_9734509229,em_9217709562,new,center,bank,small,2026-03-24T00:00:00
CUST_000332,nm_432336925,ph_8794661629,em_3796896931,business,south,bank,small,2026-12-23T00:00:00
CUST_000333,nm_560926458,ph_3419826083,em_2302136225,mass,center,bank,small,2026-12-28T00:00:00
CUST_000334,nm_565857326,ph_3857675573,em_6720739932,new,north,bank,small,2026-02-15T00:00:00
CUST_000335,nm_400056159,ph_6547497038,em_2680313800,young,north,bank,small,2026-11-19T00:00:00
CUST_000336,nm_266758174,ph_6551783115,em_7927989689,new,south,bank,small,2026-05-05T00:00:00
CUST_000337,nm_422886337,ph_3770233762,em_4540885538,premium,north,bank,small,2026-10-16T00:00:00
CUST_000338,nm_187598762,ph_8016848794,em_908599198,young,north,bank,small,2026-06-05T00:00:00
CUST_000339,nm_194789972,ph_552416249,em_9653635066,premium,north,bank,small,2026-10-19T00:00:00
CUST_000340,nm_812000291,ph_6471777069,em_1668729072,mass,south,bank,small,2026-05-18T00:00:00
CUST_000341,nm_563126934,ph_828781503,em_9299458596,premium,center,bank,small,2026-01-29T00:00:00
CUST_000342,nm_513223569,ph_2867215809,em_2575604745,mass,north,bank,small,2026-03-01T00:00:00
CUST_000343,nm_198747936,ph_4008557464,em_4387675814,mass,north,bank,small,2026-01-15T00:00:00
CUST_000344,nm_573513545,ph_344404137,em_5375959745,young,center,bank,small,2026-10-22T00:00:00
CUST_000345,nm_21530919,ph_299297794,em_7760659374,new,north,bank,small,2026-07-23T00:00:00
CUST_000346,nm_867677278,ph_5507034339,em_5127598049,premium,center,bank,small,2026-12-12T00:00:00
CUST_000347,nm_710659627,ph_2757656315,em_2931139264,young,south,bank,small,2026-04-19T00:00:00
CUST_000348,nm_17207194,ph_1499274387,em_2017528771,mass,south,bank,small,2026-12-17T00:00:00
CUST_000349,nm_423503892,ph_9806676468,em_21141426,new,north,bank,small,2026-10-27T00:00:00
CUST_000350,nm_242722864,ph_5840224252,em_4277873638,new,north,bank,small,2026-03-27T00:00:00
CUST_000351,nm_574614543,ph_8492356872,em_2792896002,new,center,bank,small,2026-10-21T00:00:00
CUST_000352,nm_379380887,ph_7821274742,em_9903212656,premium,north,bank,small,2026-11-18T00:00:00
CUST_000353,nm_678775096,ph_3433102844,em_336496479,business,north,bank,small,2026-12-20T00:00:00
CUST_000354,nm_161719708,ph_9588740894,em_4928009298,mass,center,bank,small,2026-06-23T00:00:00
CUST_000355,nm_140205836,ph_2489986391,em_889897497,business,north,bank,small,2026-12-27T00:00:00
CUST_000356,nm_699878344,ph_5318904567,em_1366536051,young,south,bank,small,2026-12-20T00:00:00
CUST_000357,nm_604125862,ph_8808917492,em_1160793545,new,center,bank,small,2026-08-03T00:00:00
CUST_000358,nm_893620190,ph_1217304193,em_8986805841,business,center,bank,small,2026-07-23T00:00:00
CUST_000359,nm_368495449,ph_3580550568,em_2310001085,premium,center,bank,small,2026-04-02T00:00:00
CUST_000360,nm_158974275,ph_3775732664,em_5183563725,business,south,bank,small,2026-11-08T00:00:00
CUST_000361,nm_968510701,ph_9154210721,em_329750994,premium,south,bank,small,2026-02-05T00:00:00
CUST_000362,nm_539113140,ph_9457747270,em_4761316505,new,south,bank,small,2026-03-19T00:00:00
CUST_000363,nm_680929781,ph_8235018644,em_8284261141,premium,south,bank,small,2026-03-14T00:00:00
CUST_000364,nm_539990974,ph_8971702320,em_8749469605,mass,north,bank,small,2026-05-22T00:00:00
CUST_000365,nm_469315373,ph_9834831084,em_5475598192,young,center,bank,small,2026-06-23T00:00:00
CUST_000366,nm_745702945,ph_7052947637,em_9086242188,premium,center,bank,small,2026-05-22T00:00:00
CUST_000367,nm_503390072,ph_6205370347,em_6578610539,young,center,bank,small,2026-11-02T00:00:00
CUST_000368,nm_178663288,ph_9767769958,em_7558439984,premium,south,bank,small,2026-04-19T00:00:00
CUST_000369,nm_756187212,ph_3389668105,em_7915568646,premium,center,bank,small,2026-11-16T00:00:00
CUST_000370,nm_811856154,ph_5571513112,em_2020014852,mass,north,bank,small,2026-01-08T00:00:00
CUST_000371,nm_358158228,ph_4279741918,em_9167880804,young,south,bank,small,2026-11-15T00:00:00
CUST_000372,nm_731180219,ph_2012725789,em_6491403150,business,north,bank,small,2026-05-06T00:00:00
CUST_000373,nm_894934900,ph_5892395452,em_9009622223,young,center,bank,small,2026-04-30T00:00:00
CUST_000374,nm_881786246,ph_5387144517,em_7561766501,young,north,bank,small,2026-06-02T00:00:00
CUST_000375,nm_554371285,ph_5683746496,em_7245483750,young,north,bank,small,2026-09-24T00:00:00
CUST_000376,nm_561478908,ph_4565607125,em_7038021825,new,north,bank,small,2026-02-26T00:00:00
CUST_000377,nm_326737205,ph_4991915020,em_9348389304,young,north,bank,small,2026-02-18T00:00:00
CUST_000378,nm_635888030,ph_9032862983,em_8388946469,business,center,bank,small,2026-02-24T00:00:00
CUST_000379,nm_966463831,ph_1899093867,em_2280394222,premium,center,bank,small,2026-06-16T00:00:00
CUST_000380,nm_987933148,ph_4554306941,em_4367097008,premium,south,bank,small,2026-04-09T00:00:00
CUST_000381,nm_797552898,ph_9868608468,em_2137070049,business,south,bank,small,2026-06-28T00:00:00
CUST_000382,nm_929987534,ph_1142665587,em_5680084952,young,center,bank,small,2026-02-05T00:00:00
CUST_000383,nm_225138687,ph_2717004920,em_9602429972,mass,south,bank,small,2026-03-08T00:00:00
CUST_000384,nm_485774977,ph_3428923983,em_3455733077,new,center,bank,small,2026-10-21T00:00:00
CUST_000385,nm_1303316,ph_5511534614,em_8453926562,business,south,bank,small,2026-11-16T00:00:00
CUST_000386,nm_787042140,ph_4149505346,em_750209673,new,south,bank,small,2026-03-21T00:00:00
CUST_000387,nm_112779821,ph_3813942650,em_9080286324,business,north,bank,small,2026-04-10T00:00:00
CUST_000388,nm_763006804,ph_9779620521,em_8407798367,premium,south,bank,small,2026-02-26T00:00:00
CUST_000389,nm_185617884,ph_6463830931,em_8372073528,young,center,bank,small,2026-12-02T00:00:00
CUST_000390,nm_336664992,ph_5364979007,em_3153279124,premium,north,bank,small,2026-04-15T00:00:00
CUST_000391,nm_354366726,ph_5769476236,em_232673507,premium,north,bank,small,2026-11-05T00:00:00
CUST_000392,nm_420565755,ph_5478849571,em_9711282963,business,south,bank,small,2026-07-02T00:00:00
CUST_000393,nm_639168804,ph_1991715413,em_3963103366,mass,north,bank,small,2026-04-22T00:00:00
CUST_000394,nm_102775934,ph_7784896116,em_7067935307,mass,north,bank,small,2026-05-03T00:00:00
CUST_000395,nm_153036895,ph_3629822351,em_6417902372,business,south,bank,small,2026-07-04T00:00:00
CUST_000396,nm_390691195,ph_1848114382,em_6037549531,young,center,bank,small,2026-09-24T00:00:00
CUST_000397,nm_893858089,ph_1111997657,em_6829493647,business,south,bank,small,2026-03-17T00:00:00
CUST_000398,nm_301615821,ph_3226525525,em_8696133700,young,south,bank,small,2026-08-10T00:00:00
CUST_000399,nm_968849816,ph_2002471707,em_6764045050,new,center,bank,small,2026-11-07T00:00:00
CUST_000400,nm_851532077,ph_3107717510,em_7406257535,premium,south,bank,small,2026-11-15T00:00:00
CUST_000401,nm_449031041,ph_6872303925,em_3947161238,business,south,bank,small,2026-03-12T00:00:00
CUST_000402,nm_858832774,ph_6429751510,em_6234145115,premium,south,bank,small,2026-09-11T00:00:00
CUST_000403,nm_668610701,ph_6300324246,em_8995315269,mass,north,bank,small,2026-09-18T00:00:00
CUST_000404,nm_820293718,ph_372824323,em_9976741780,new,north,bank,small,2026-10-18T00:00:00
CUST_000405,nm_611453806,ph_4215629597,em_8201057235,mass,south,bank,small,2026-08-22T00:00:00
CUST_000406,nm_466739208,ph_6936261306,em_3300892523,young,north,bank,small,2026-03-26T00:00:00
CUST_000407,nm_994051739,ph_5596954721,em_1792910594,young,south,bank,small,2026-10-06T00:00:00
CUST_000408,nm_313171186,ph_8085956891,em_9907134729,mass,north,bank,small,2026-07-06T00:00:00
CUST_000409,nm_5835384,ph_9167036453,em_4298445593,new,north,bank,small,2026-12-30T00:00:00
CUST_000410,nm_380342248,ph_6122874246,em_6644372945,new,center,bank,small,2026-07-25T00:00:00
CUST_000411,nm_244122510,ph_2927369868,em_8553479296,young,south,bank,small,2026-11-25T00:00:00
CUST_000412,nm_423312589,ph_7243316957,em_9006642028,premium,north,bank,small,2026-05-30T00:00:00
CUST_000413,nm_892659029,ph_3659615265,em_7856907870,new,north,bank,small,2026-10-28T00:00:00
CUST_000414,nm_215568530,ph_1869578782,em_1998812254,new,north,bank,small,2026-07-25T00:00:00
CUST_000415,nm_524723364,ph_363262149,em_5204603918,business,north,bank,small,2026-12-18T00:00:00
CUST_000416,nm_44312670,ph_8179174245,em_2280428775,new,north,bank,small,2026-07-01T00:00:00
CUST_000417,nm_803258879,ph_392268160,em_9751316954,mass,south,bank,small,2026-11-17T00:00:00
CUST_000418,nm_387560667,ph_5409223272,em_4010954431,mass,south,bank,small,2026-09-04T00:00:00
CUST_000419,nm_881200363,ph_2886204711,em_7319483839,new,south,bank,small,2026-12-15T00:00:00
CUST_000420,nm_351442620,ph_3206244490,em_7846063495,mass,north,bank,small,2026-05-02T00:00:00
CUST_000421,nm_172801634,ph_9501343111,em_2713583663,young,north,bank,small,2026-07-09T00:00:00
CUST_000422,nm_907852976,ph_5400524549,em_3149735111,business,center,bank,small,2026-01-01T00:00:00
CUST_000423,nm_531243051,ph_7211617267,em_2399237288,young,south,bank,small,2026-04-23T00:00:00
CUST_000424,nm_940171361,ph_5973225838,em_6443152382,business,center,bank,small,2026-05-27T00:00:00
CUST_000425,nm_981977599,ph_6085554025,em_344078539,business,north,bank,small,2026-03-12T00:00:00
CUST_000426,nm_227502542,ph_7449161275,em_8736293554,business,north,bank,small,2026-10-04T00:00:00
CUST_000427,nm_39719893,ph_9814894138,em_8198675245,new,south,bank,small,2026-06-05T00:00:00
CUST_000428,nm_421204158,ph_6244637961,em_3671275852,young,north,bank,small,2026-05-24T00:00:00
CUST_000429,nm_876331782,ph_7116952118,em_9343128082,new,south,bank,small,2026-07-26T00:00:00
CUST_000430,nm_703256046,ph_9983859530,em_9367981454,business,north,bank,small,2026-12-17T00:00:00
CUST_000431,nm_397682640,ph_9072856021,em_6290375890,new,center,bank,small,2026-11-21T00:00:00
CUST_000432,nm_122039710,ph_909667233,em_6268725324,premium,south,bank,small,2026-03-26T00:00:00
CUST_000433,nm_927562173,ph_1327096872,em_7501162999,premium,south,bank,small,2026-01-11T00:00:00
CUST_000434,nm_36017854,ph_8682028291,em_7339624496,young,north,bank,small,2026-05-14T00:00:00
CUST_000435,nm_877028105,ph_444099945,em_7209502640,business,center,bank,small,2026-04-11T00:00:00
CUST_000436,nm_725358942,ph_380596207,em_809132525,premium,south,bank,small,2026-01-15T00:00:00
CUST_000437,nm_388424444,ph_5968893324,em_2414297439,mass,south,bank,small,2026-04-09T00:00:00
CUST_000438,nm_409743105,ph_849234048,em_6062938986,premium,south,bank,small,2026-02-12T00:00:00
CUST_000439,nm_460908270,ph_2205050908,em_9523524459,new,center,bank,small,2026-08-11T00:00:00
CUST_000440,nm_44242486,ph_5552558649,em_2535313653,premium,north,bank,small,2026-12-31T00:00:00
CUST_000441,nm_341241400,ph_4532208437,em_4233066249,premium,center,bank,small,2026-02-22T00:00:00
CUST_000442,nm_196961631,ph_3942112411,em_3090826618,mass,north,bank,small,2026-10-03T00:00:00
CUST_000443,nm_353121417,ph_6472334816,em_5479441350,mass,center,bank,small,2026-03-29T00:00:00
CUST_000444,nm_778595479,ph_2161993525,em_9807012443,premium,south,bank,small,2026-10-13T00:00:00
CUST_000445,nm_817724279,ph_6124748526,em_5936611578,business,south,bank,small,2026-06-08T00:00:00
CUST_000446,nm_312230605,ph_9707032476,em_8324133857,young,north,bank,small,2026-04-27T00:00:00
CUST_000447,nm_787607442,ph_3813072968,em_8726717558,new,center,bank,small,2026-02-03T00:00:00
CUST_000448,nm_929266762,ph_9393470693,em_1209115087,young,center,bank,small,2026-08-18T00:00:00
CUST_000449,nm_552508356,ph_5346867180,em_9341789421,new,south,bank,small,2026-05-29T00:00:00
CUST_000450,nm_429953610,ph_152399762,em_1811824808,new,north,bank,small,2026-03-06T00:00:00
CUST_000451,nm_394354605,ph_801269876,em_1697439551,mass,south,bank,small,2026-10-16T00:00:00
CUST_000452,nm_448606787,ph_6802335704,em_3086123770,young,center,bank,small,2026-02-07T00:00:00
CUST_000453,nm_109591425,ph_2906306302,em_627415556,mass,center,bank,small,2026-10-14T00:00:00
CUST_000454,nm_14224770,ph_8670489231,em_2657727273,young,north,bank,small,2026-06-23T00:00:00
CUST_000455,nm_255334572,ph_9931001491,em_635135689,young,north,bank,small,2026-06-02T00:00:00
CUST_000456,nm_94361964,ph_3702315603,em_4514724903,business,south,bank,small,2026-04-02T00:00:00
CUST_000457,nm_420308443,ph_7050121372,em_5578959092,new,south,bank,small,2026-07-05T00:00:00
CUST_000458,nm_447870522,ph_704544655,em_6846469458,business,north,bank,small,2026-03-12T00:00:00
CUST_000459,nm_91121773,ph_8613334382,em_7393128071,mass,south,bank,small,2026-08-12T00:00:00
CUST_000460,nm_425921597,ph_8014349466,em_5342136545,premium,south,bank,small,2026-06-26T00:00:00
CUST_000461,nm_715550649,ph_2629195824,em_8437715776,young,center,bank,small,2026-10-22T00:00:00
CUST_000462,nm_358704715,ph_6306996654,em_8642213723,premium,north,bank,small,2026-04-16T00:00:00
CUST_000463,nm_791844815,ph_2473263720,em_1027728418,premium,south,bank,small,2026-05-05T00:00:00
CUST_000464,nm_61178015,ph_9380013258,em_4805729316,young,north,bank,small,2026-12-22T00:00:00
CUST_000465,nm_543023769,ph_7903188366,em_4470112900,new,center,bank,small,2026-09-23T00:00:00
CUST_000466,nm_273154974,ph_5282347905,em_5267807293,new,south,bank,small,2026-07-10T00:00:00
CUST_000467,nm_739415987,ph_5749555730,em_9777164483,new,south,bank,small,2026-12-27T00:00:00
CUST_000468,nm_175355592,ph_1087035984,em_7306226008,young,north,bank,small,2026-03-15T00:00:00
CUST_000469,nm_463841768,ph_9278711368,em_7399712059,new,center,bank,small,2026-07-23T00:00:00
CUST_000470,nm_531539543,ph_3544623549,em_7854979718,new,south,bank,small,2026-11-08T00:00:00
CUST_000471,nm_150173270,ph_3251272067,em_4249997713,new,center,bank,small,2026-08-30T00:00:00
CUST_000472,nm_726327169,ph_4128938690,em_1648469191,new,south,bank,small,2026-08-01T00:00:00
CUST_000473,nm_195893207,ph_797679927,em_7206653215,business,center,bank,small,2026-11-06T00:00:00
CUST_000474,nm_377835275,ph_3808546030,em_9831478823,business,north,bank,small,2026-05-17T00:00:00
CUST_000475,nm_868596191,ph_4038454030,em_3128268152,new,south,bank,small,2026-05-07T00:00:00
CUST_000476,nm_355155526,ph_7024679736,em_3237797192,business,north,bank,small,2026-01-28T00:00:00
CUST_000477,nm_669622841,ph_9720238972,em_9229235882,premium,south,bank,small,2026-04-18T00:00:00
CUST_000478,nm_360023897,ph_3027843057,em_3315100893,young,north,bank,small,2026-12-13T00:00:00
CUST_000479,nm_200339828,ph_885950664,em_5215849276,premium,center,bank,small,2026-12-24T00:00:00
CUST_000480,nm_595508141,ph_2864050250,em_9918230858,young,north,bank,small,2026-03-06T00:00:00
CUST_000481,nm_450825620,ph_1812238368,em_4751054491,new,south,bank,small,2026-07-13T00:00:00
CUST_000482,nm_669002343,ph_8548588885,em_2463097425,mass,center,bank,small,2026-11-19T00:00:00
CUST_000483,nm_505039063,ph_9188175874,em_991147284,new,center,bank,small,2026-08-13T00:00:00
CUST_000484,nm_157369428,ph_5346584456,em_9244532093,new,south,bank,small,2026-09-02T00:00:00
CUST_000485,nm_603654853,ph_5375608810,em_6947818483,young,south,bank,small,2026-01-28T00:00:00
CUST_000486,nm_324293801,ph_3515957320,em_4371417111,business,center,bank,small,2026-07-27T00:00:00
CUST_000487,nm_904261571,ph_5185925224,em_7130119067,business,south,bank,small,2026-03-22T00:00:00
CUST_000488,nm_511091369,ph_292350833,em_4504734324,young,north,bank,small,2026-04-19T00:00:00
CUST_000489,nm_211095610,ph_2092676516,em_1932255541,mass,north,bank,small,2026-01-22T00:00:00
CUST_000490,nm_153009547,ph_6723482828,em_1993685106,young,north,bank,small,2026-03-08T00:00:00
CUST_000491,nm_740945928,ph_1199984237,em_6666892240,new,south,bank,small,2026-01-16T00:00:00
CUST_000492,nm_323556859,ph_1328180757,em_7258183732,new,center,bank,small,2026-10-05T00:00:00
CUST_000493,nm_350025361,ph_9646727400,em_5492755444,mass,north,bank,small,2026-03-23T00:00:00
CUST_000494,nm_456970104,ph_893293467,em_4729944467,business,south,bank,small,2026-10-17T00:00:00
CUST_000495,nm_421256239,ph_6415500592,em_1614070858,business,center,bank,small,2026-08-22T00:00:00
CUST_000496,nm_795101079,ph_9600086627,em_746746267,new,center,bank,small,2026-11-25T00:00:00
CUST_000497,nm_703182343,ph_5218646451,em_8750886946,new,north,bank,small,2026-03-27T00:00:00
CUST_000498,nm_515211435,ph_9501010904,em_1931361000,young,center,bank,small,2026-06-28T00:00:00
CUST_000499,nm_163140540,ph_5098950092,em_4207698251,new,north,bank,small,2026-08-29T00:00:00
CUST_000500,nm_188435831,ph_8841279151,em_278883354,business,center,bank,small,2026-01-06T00:00:00
CUST_000501,nm_547619636,ph_1867667881,em_8782237679,new,north,bank,small,2026-07-27T00:00:00
CUST_000502,nm_783242659,ph_4205988124,em_2473194461,business,south,bank,small,2026-12-26T00:00:00
CUST_000503,nm_499504761,ph_6625116373,em_5011502333,premium,center,bank,small,2026-12-02T00:00:00
CUST_000504,nm_488143190,ph_2439990478,em_9702573212,young,south,bank,small,2026-03-10T00:00:00
CUST_000505,nm_716164223,ph_5389345466,em_7275145736,mass,center,bank,small,2026-05-31T00:00:00
CUST_000506,nm_587822668,ph_5876692413,em_6181967092,mass,center,bank,small,2026-01-22T00:00:00
CUST_000507,nm_663763437,ph_2803303280,em_3096447503,premium,south,bank,small,2026-02-11T00:00:00
CUST_000508,nm_909625589,ph_4460782305,em_9575779509,new,center,bank,small,2026-11-28T00:00:00
CUST_000509,nm_248648796,ph_3260443504,em_402088062,young,center,bank,small,2026-12-16T00:00:00
CUST_000510,nm_243515678,ph_1758000916,em_3099778742,business,center,bank,small,2026-12-13T00:00:00
CUST_000511,nm_905705492,ph_7297749462,em_9298791128,mass,center,bank,small,2026-05-10T00:00:00
CUST_000512,nm_856087384,ph_6946223362,em_3764953480,new,south,bank,small,2026-04-24T00:00:00
CUST_000513,nm_873836636,ph_5030969195,em_5517213808,young,north,bank,small,2026-03-22T00:00:00
CUST_000514,nm_551264323,ph_7531166451,em_1076258271,premium,south,bank,small,2026-08-18T00:00:00
CUST_000515,nm_831148277,ph_156346229,em_7417270672,young,center,bank,small,2026-01-02T00:00:00
CUST_000516,nm_957560773,ph_5754534011,em_5899788523,young,center,bank,small,2026-03-08T00:00:00
CUST_000517,nm_713542969,ph_6094991435,em_6363032961,new,south,bank,small,2026-05-25T00:00:00
CUST_000518,nm_818894138,ph_921843830,em_3984420488,premium,north,bank,small,2026-03-19T00:00:00
CUST_000519,nm_115577652,ph_9712005664,em_1173491365,young,south,bank,small,2026-06-12T00:00:00
CUST_000520,nm_93889511,ph_1875879900,em_8963588992,mass,center,bank,small,2026-10-13T00:00:00
CUST_000521,nm_828716531,ph_4429644481,em_5154221907,premium,center,bank,small,2026-07-03T00:00:00
CUST_000522,nm_95646291,ph_6342927248,em_6001111899,mass,north,bank,small,2026-12-31T00:00:00
CUST_000523,nm_744796698,ph_3785904578,em_7611250360,mass,south,bank,small,2026-06-19T00:00:00
CUST_000524,nm_692643978,ph_3911692828,em_8537870285,new,south,bank,small,2026-06-13T00:00:00
CUST_000525,nm_160442503,ph_9942837484,em_1382653952,young,north,bank,small,2026-11-17T00:00:00
CUST_000526,nm_721187356,ph_3548429996,em_9196025659,mass,center,bank,small,2026-03-08T00:00:00
CUST_000527,nm_517614623,ph_7493483391,em_9480195371,mass,center,bank,small,2026-07-25T00:00:00
CUST_000528,nm_437244949,ph_596291133,em_3413159326,business,south,bank,small,2026-06-19T00:00:00
CUST_000529,nm_409948632,ph_979953920,em_3879070129,mass,north,bank,small,2026-01-08T00:00:00
CUST_000530,nm_665028136,ph_5397978577,em_5775342942,new,center,bank,small,2026-03-09T00:00:00
CUST_000531,nm_800772148,ph_3952364105,em_5012500589,young,south,bank,small,2026-02-21T00:00:00
CUST_000532,nm_539424641,ph_3337616729,em_6064082702,young,south,bank,small,2026-02-02T00:00:00
CUST_000533,nm_780376380,ph_2465981205,em_3866935122,mass,south,bank,small,2026-04-13T00:00:00
CUST_000534,nm_773958806,ph_5715662595,em_7638747718,mass,north,bank,small,2026-10-26T00:00:00
CUST_000535,nm_834153923,ph_736622058,em_9001256870,premium,center,bank,small,2026-11-23T00:00:00
CUST_000536,nm_509169111,ph_4661608107,em_559655609,premium,north,bank,small,2026-01-30T00:00:00
CUST_000537,nm_558830804,ph_7698691451,em_1685206807,young,south,bank,small,2026-12-26T00:00:00
CUST_000538,nm_577877644,ph_4523917005,em_6874909746,premium,north,bank,small,2026-02-16T00:00:00
CUST_000539,nm_905302812,ph_8474970678,em_4098359647,business,center,bank,small,2026-07-10T00:00:00
CUST_000540,nm_264127549,ph_3354775956,em_7876009407,new,south,bank,small,2026-04-12T00:00:00
CUST_000541,nm_188631116,ph_3462127204,em_3205395466,premium,center,bank,small,2026-04-05T00:00:00
CUST_000542,nm_239489328,ph_1157485157,em_9029021615,young,south,bank,small,2026-08-20T00:00:00
CUST_000543,nm_372030975,ph_3388852471,em_3915208808,premium,north,bank,small,2026-02-06T00:00:00
CUST_000544,nm_311076612,ph_2361580457,em_2814262612,business,center,bank,small,2026-10-20T00:00:00
CUST_000545,nm_402667400,ph_6634413362,em_2301594486,business,center,bank,small,2026-02-27T00:00:00
CUST_000546,nm_637431036,ph_1624504050,em_5752972215,young,south,bank,small,2026-10-11T00:00:00
CUST_000547,nm_518508354,ph_7075548510,em_2845975083,premium,north,bank,small,2026-01-29T00:00:00
CUST_000548,nm_42997693,ph_338296957,em_1075701789,young,north,bank,small,2026-03-19T00:00:00
CUST_000549,nm_732107966,ph_2118655113,em_3670239183,mass,center,bank,small,2026-05-23T00:00:00
CUST_000550,nm_907066842,ph_4232542769,em_8095079549,young,south,bank,small,2026-08-20T00:00:00
CUST_000551,nm_253968176,ph_5103876528,em_713356893,premium,center,bank,small,2026-07-25T00:00:00
CUST_000552,nm_844940782,ph_6661468057,em_7512192703,mass,center,bank,small,2026-02-06T00:00:00
CUST_000553,nm_635133335,ph_3216824784,em_947842489,young,south,bank,small,2026-08-05T00:00:00
CUST_000554,nm_270676547,ph_5044338985,em_2942992297,business,south,bank,small,2026-02-26T00:00:00
CUST_000555,nm_792206056,ph_5376684478,em_6687332187,mass,north,bank,small,2026-06-06T00:00:00
CUST_000556,nm_782175750,ph_285516024,em_4093850349,mass,north,bank,small,2026-08-17T00:00:00
CUST_000557,nm_888393189,ph_4467126275,em_7073065231,business,north,bank,small,2026-04-14T00:00:00
CUST_000558,nm_993785003,ph_4443976758,em_4929602870,business,center,bank,small,2026-08-04T00:00:00
CUST_000559,nm_734986668,ph_1807364329,em_1792206227,new,south,bank,small,2026-04-20T00:00:00
CUST_000560,nm_717908527,ph_9230491627,em_1626457133,business,north,bank,small,2026-02-11T00:00:00
CUST_000561,nm_583459107,ph_9369265864,em_5975313540,premium,south,bank,small,2026-01-11T00:00:00
CUST_000562,nm_407511044,ph_6731020695,em_7816609251,mass,north,bank,small,2026-03-08T00:00:00
CUST_000563,nm_55118111,ph_4666251688,em_3107735730,premium,south,bank,small,2026-03-15T00:00:00
CUST_000564,nm_169246349,ph_2135271610,em_5980354644,new,center,bank,small,2026-07-15T00:00:00
CUST_000565,nm_626544697,ph_3974047240,em_9458157505,business,center,bank,small,2026-03-12T00:00:00
CUST_000566,nm_429817065,ph_2593707140,em_6348205569,business,north,bank,small,2026-08-18T00:00:00
CUST_000567,nm_177943809,ph_5508849843,em_9049309000,young,center,bank,small,2026-04-26T00:00:00
CUST_000568,nm_886614813,ph_7016977780,em_5712432733,new,north,bank,small,2026-11-28T00:00:00
CUST_000569,nm_561182471,ph_5295447033,em_8460533563,business,north,bank,small,2026-09-30T00:00:00
CUST_000570,nm_886756232,ph_9622722856,em_5812706825,young,south,bank,small,2026-09-28T00:00:00
CUST_000571,nm_259153429,ph_8388420353,em_742516875,business,center,bank,small,2026-10-17T00:00:00
CUST_000572,nm_760597643,ph_936722265,em_5484479001,business,center,bank,small,2026-09-25T00:00:00
CUST_000573,nm_474352878,ph_8972511784,em_5515352805,young,center,bank,small,2026-10-01T00:00:00
CUST_000574,nm_297883187,ph_5304924664,em_8594117215,premium,center,bank,small,2026-11-20T00:00:00
CUST_000575,nm_519018184,ph_8690027905,em_9435343252,young,south,bank,small,2026-05-23T00:00:00
CUST_000576,nm_597323410,ph_2304692551,em_162847537,young,center,bank,small,2026-07-26T00:00:00
CUST_000577,nm_818869272,ph_8280391275,em_4306965896,new,north,bank,small,2026-07-24T00:00:00
CUST_000578,nm_572269254,ph_7841715903,em_2500974393,mass,south,bank,small,2026-03-18T00:00:00
CUST_000579,nm_127447108,ph_2376807029,em_7425775202,new,north,bank,small,2026-03-19T00:00:00
CUST_000580,nm_803947125,ph_4230111610,em_3761483896,premium,north,bank,small,2026-06-12T00:00:00
CUST_000581,nm_601571279,ph_8087157252,em_5297271976,mass,center,bank,small,2026-10-08T00:00:00
CUST_000582,nm_278576514,ph_8077502135,em_507911717,new,south,bank,small,2026-12-23T00:00:00
CUST_000583,nm_531415106,ph_607603726,em_1567630395,young,south,bank,small,2026-06-01T00:00:00
CUST_000584,nm_690822704,ph_5710850711,em_5724825950,premium,center,bank,small,2026-07-05T00:00:00
CUST_000585,nm_358387412,ph_6930608086,em_7699290021,new,center,bank,small,2026-07-20T00:00:00
CUST_000586,nm_820713580,ph_8551980807,em_3724131319,new,north,bank,small,2026-01-27T00:00:00
CUST_000587,nm_369130444,ph_2838959079,em_7682519664,young,center,bank,small,2026-12-27T00:00:00
CUST_000588,nm_305021585,ph_9242081435,em_2919490196,mass,south,bank,small,2026-12-23T00:00:00
CUST_000589,nm_392721483,ph_1709960432,em_2641724659,young,center,bank,small,2026-07-11T00:00:00
CUST_000590,nm_234759726,ph_4424039487,em_7166545345,premium,south,bank,small,2026-09-04T00:00:00
CUST_000591,nm_8246903,ph_6708761716,em_1905053885,mass,south,bank,small,2026-02-11T00:00:00
CUST_000592,nm_25847704,ph_4064592038,em_4211490608,premium,north,bank,small,2026-05-11T00:00:00
CUST_000593,nm_642517828,ph_3867217173,em_8318831986,premium,south,bank,small,2026-05-08T00:00:00
CUST_000594,nm_137495164,ph_7639955460,em_5941548369,mass,north,bank,small,2026-11-07T00:00:00
CUST_000595,nm_52201841,ph_4092990364,em_7308353153,premium,north,bank,small,2026-10-05T00:00:00
CUST_000596,nm_174356596,ph_9438145855,em_5968688448,mass,north,bank,small,2026-12-28T00:00:00
CUST_000597,nm_653094045,ph_7870276351,em_7153777157,business,north,bank,small,2026-09-24T00:00:00
CUST_000598,nm_627848515,ph_9368371194,em_371927172,premium,center,bank,small,2026-08-30T00:00:00
CUST_000599,nm_824806503,ph_2758466339,em_4231522120,young,north,bank,small,2026-01-04T00:00:00
CUST_000600,nm_276096836,ph_6689699151,em_8099022241,premium,south,bank,small,2026-04-11T00:00:00
CUST_000601,nm_482104907,ph_6663054100,em_249627050,premium,south,bank,small,2026-02-19T00:00:00
CUST_000602,nm_738815512,ph_811828501,em_4355092089,premium,south,bank,small,2026-04-04T00:00:00
CUST_000603,nm_264546446,ph_2136740136,em_4005236370,premium,south,bank,small,2026-07-20T00:00:00
CUST_000604,nm_299150005,ph_2630408234,em_7621862812,young,north,bank,small,2026-09-12T00:00:00
CUST_000605,nm_519784739,ph_6038753870,em_3409818317,premium,center,bank,small,2026-04-08T00:00:00
CUST_000606,nm_1886018,ph_9958860569,em_908442943,business,center,bank,small,2026-11-06T00:00:00
CUST_000607,nm_167718562,ph_3634212379,em_2577788480,business,south,bank,small,2026-07-14T00:00:00
CUST_000608,nm_324695021,ph_37764712,em_5675008072,business,south,bank,small,2026-01-18T00:00:00
CUST_000609,nm_916009593,ph_237565075,em_1789985265,young,north,bank,small,2026-01-29T00:00:00
CUST_000610,nm_355480462,ph_8602411818,em_7889682027,young,center,bank,small,2026-11-26T00:00:00
CUST_000611,nm_542425227,ph_9577513446,em_964017043,business,south,bank,small,2026-10-30T00:00:00
CUST_000612,nm_933852768,ph_5970937920,em_3448971983,premium,north,bank,small,2026-11-23T00:00:00
CUST_000613,nm_561909873,ph_2696802211,em_3194454746,new,north,bank,small,2026-01-08T00:00:00
CUST_000614,nm_564388207,ph_6441417104,em_7334122343,young,south,bank,small,2026-04-06T00:00:00
CUST_000615,nm_122085422,ph_4645845396,em_305728793,premium,north,bank,small,2026-07-29T00:00:00
CUST_000616,nm_440673291,ph_3837921909,em_255017625,mass,south,bank,small,2026-11-23T00:00:00
CUST_000617,nm_901565700,ph_7714307313,em_6654460463,business,center,bank,small,2026-12-16T00:00:00
CUST_000618,nm_836514937,ph_9723096013,em_3019261841,premium,south,bank,small,2026-07-17T00:00:00
CUST_000619,nm_541722500,ph_3755354618,em_8989223527,young,south,bank,small,2026-11-16T00:00:00
CUST_000620,nm_665307301,ph_5094386436,em_9548667162,young,south,bank,small,2026-08-05T00:00:00
CUST_000621,nm_165315302,ph_8790226966,em_1297455585,premium,center,bank,small,2026-11-19T00:00:00
CUST_000622,nm_771516303,ph_4235388433,em_7773515869,premium,center,bank,small,2026-09-20T00:00:00
CUST_000623,nm_914759273,ph_1250586147,em_4464499944,premium,center,bank,small,2026-02-14T00:00:00
CUST_000624,nm_352635366,ph_1346315203,em_8150729279,mass,south,bank,small,2026-11-21T00:00:00
CUST_000625,nm_723228260,ph_5316481711,em_8878289988,new,south,bank,small,2026-09-24T00:00:00
CUST_000626,nm_738597423,ph_5637849756,em_422252425,young,north,bank,small,2026-04-27T00:00:00
CUST_000627,nm_218972273,ph_4997153086,em_5833788509,mass,north,bank,small,2026-11-22T00:00:00
CUST_000628,nm_37896056,ph_1878903530,em_2241077046,new,south,bank,small,2026-03-09T00:00:00
CUST_000629,nm_763496387,ph_583809151,em_6586014453,premium,north,bank,small,2026-10-15T00:00:00
CUST_000630,nm_588583772,ph_6089668623,em_8732897072,premium,north,bank,small,2026-01-04T00:00:00
CUST_000631,nm_465820292,ph_7479770970,em_4006230356,premium,north,bank,small,2026-09-05T00:00:00
CUST_000632,nm_955115740,ph_2603642841,em_5501159297,new,north,bank,small,2026-06-04T00:00:00
CUST_000633,nm_312231717,ph_4603485027,em_4898396437,premium,north,bank,small,2026-05-12T00:00:00
CUST_000634,nm_315486272,ph_2634324735,em_5784048911,mass,north,bank,small,2026-11-07T00:00:00
CUST_000635,nm_980326943,ph_8816414326,em_1046314849,young,south,bank,small,2026-06-02T00:00:00
CUST_000636,nm_953519097,ph_3256921088,em_4131796262,business,north,bank,small,2026-04-10T00:00:00
CUST_000637,nm_525799297,ph_8854564599,em_1350225267,young,south,bank,small,2026-08-03T00:00:00
CUST_000638,nm_818393601,ph_5669421124,em_6472873432,premium,north,bank,small,2026-06-04T00:00:00
CUST_000639,nm_596509627,ph_1123327128,em_6548616471,young,south,bank,small,2026-03-24T00:00:00
CUST_000640,nm_731611716,ph_3341992567,em_9804868071,business,north,bank,small,2026-01-31T00:00:00
CUST_000641,nm_498263107,ph_2496889210,em_6656261240,new,north,bank,small,2026-12-29T00:00:00
CUST_000642,nm_420414052,ph_1502174925,em_956925391,new,north,bank,small,2026-01-28T00:00:00
CUST_000643,nm_752473018,ph_7608430678,em_9623120933,mass,north,bank,small,2026-05-23T00:00:00
CUST_000644,nm_1180778,ph_2621366815,em_8636846094,young,south,bank,small,2026-09-26T00:00:00
CUST_000645,nm_732688346,ph_4897883371,em_1932338059,premium,north,bank,small,2026-11-11T00:00:00
CUST_000646,nm_13959106,ph_3815773515,em_8967742194,mass,south,bank,small,2026-02-06T00:00:00
CUST_000647,nm_921816307,ph_770717152,em_8786705502,new,center,bank,small,2026-08-12T00:00:00
CUST_000648,nm_965066067,ph_1578984666,em_4200202532,young,center,bank,small,2026-10-17T00:00:00
CUST_000649,nm_366850829,ph_9910648651,em_7389853615,mass,north,bank,small,2026-11-23T00:00:00
CUST_000650,nm_902083844,ph_8517130107,em_9413685569,premium,north,bank,small,2026-04-15T00:00:00
CUST_000651,nm_885499655,ph_4127781160,em_5163001575,new,north,bank,small,2026-10-28T00:00:00
CUST_000652,nm_605445555,ph_964379650,em_74523651,new,south,bank,small,2026-08-04T00:00:00
CUST_000653,nm_60652523,ph_9245529965,em_2818575828,mass,center,bank,small,2026-11-28T00:00:00
CUST_000654,nm_115056020,ph_6509768125,em_5817605155,new,south,bank,small,2026-04-21T00:00:00
CUST_000655,nm_569750862,ph_1649838586,em_1223584709,mass,south,bank,small,2026-10-22T00:00:00
CUST_000656,nm_890442231,ph_1008239870,em_6699332460,business,south,bank,small,2026-11-25T00:00:00
CUST_000657,nm_330412784,ph_9944260889,em_8474697891,mass,north,bank,small,2026-10-27T00:00:00
CUST_000658,nm_206350263,ph_2254264539,em_6908583356,young,south,bank,small,2026-01-24T00:00:00
CUST_000659,nm_981507800,ph_7805035135,em_7832063651,mass,south,bank,small,2026-06-09T00:00:00
CUST_000660,nm_915796604,ph_1511340510,em_4616472530,mass,south,bank,small,2026-09-27T00:00:00
CUST_000661,nm_99442256,ph_6919629581,em_8824094911,premium,center,bank,small,2026-01-22T00:00:00
CUST_000662,nm_179773809,ph_4705595821,em_3672231793,business,center,bank,small,2026-03-05T00:00:00
CUST_000663,nm_576897677,ph_3703606298,em_7465336767,business,north,bank,small,2026-10-08T00:00:00
CUST_000664,nm_591045026,ph_3043378324,em_1026228289,new,center,bank,small,2026-12-16T00:00:00
CUST_000665,nm_78282036,ph_3313100444,em_6886319718,business,center,bank,small,2026-03-28T00:00:00
CUST_000666,nm_900014651,ph_3942116511,em_3771194044,young,south,bank,small,2026-08-07T00:00:00
CUST_000667,nm_582418433,ph_3171772767,em_339309734,new,south,bank,small,2026-07-04T00:00:00
CUST_000668,nm_139684272,ph_5211830541,em_3146656425,mass,north,bank,small,2026-10-03T00:00:00
CUST_000669,nm_574318671,ph_1122131500,em_2376619107,premium,south,bank,small,2026-09-02T00:00:00
CUST_000670,nm_47456072,ph_1857581541,em_7226815680,premium,south,bank,small,2026-04-16T00:00:00
CUST_000671,nm_917365366,ph_6021173123,em_3175208030,mass,center,bank,small,2026-11-15T00:00:00
CUST_000672,nm_557203942,ph_1944628796,em_196370947,mass,north,bank,small,2026-12-31T00:00:00
CUST_000673,nm_913830937,ph_1061666982,em_656348396,young,south,bank,small,2026-12-09T00:00:00
CUST_000674,nm_922116862,ph_3192308281,em_7733428722,mass,center,bank,small,2026-08-31T00:00:00
CUST_000675,nm_410019315,ph_2993227075,em_5087514667,business,south,bank,small,2026-06-08T00:00:00
CUST_000676,nm_27540847,ph_4337799125,em_6506785184,young,center,bank,small,2026-04-19T00:00:00
CUST_000677,nm_512427991,ph_9549978330,em_9934995472,premium,south,bank,small,2026-10-07T00:00:00
CUST_000678,nm_91067695,ph_7794597469,em_6659784086,premium,center,bank,small,2026-09-26T00:00:00
CUST_000679,nm_832204393,ph_3840183243,em_6360630708,premium,north,bank,small,2026-03-01T00:00:00
CUST_000680,nm_305920543,ph_1792245870,em_2150281171,mass,north,bank,small,2026-02-04T00:00:00
CUST_000681,nm_666984085,ph_8298413909,em_6868712049,new,center,bank,small,2026-11-19T00:00:00
CUST_000682,nm_237352542,ph_6814474537,em_5435519854,mass,north,bank,small,2026-03-04T00:00:00
CUST_000683,nm_460762457,ph_4452370582,em_9390787871,business,south,bank,small,2026-05-24T00:00:00
CUST_000684,nm_413985089,ph_7927605098,em_6236773407,young,center,bank,small,2026-05-18T00:00:00
CUST_000685,nm_287208424,ph_4434541872,em_9906860688,new,north,bank,small,2026-12-31T00:00:00
CUST_000686,nm_58697872,ph_9332419598,em_401546705,business,north,bank,small,2026-01-20T00:00:00
CUST_000687,nm_613360860,ph_5162708769,em_3821958665,mass,south,bank,small,2026-11-17T00:00:00
CUST_000688,nm_712119279,ph_8854090235,em_5459146851,mass,south,bank,small,2026-09-23T00:00:00
CUST_000689,nm_795125625,ph_877629745,em_3843657961,young,center,bank,small,2026-05-31T00:00:00
CUST_000690,nm_912701881,ph_6226804448,em_5949460221,young,center,bank,small,2026-08-10T00:00:00
CUST_000691,nm_202496501,ph_215917164,em_220576930,new,south,bank,small,2026-01-27T00:00:00
CUST_000692,nm_453898748,ph_454312135,em_9780084311,new,north,bank,small,2026-09-06T00:00:00
CUST_000693,nm_351192287,ph_7554412703,em_2719875855,business,center,bank,small,2026-09-05T00:00:00
CUST_000694,nm_591104591,ph_471307972,em_6153049050,young,south,bank,small,2026-10-06T00:00:00
CUST_000695,nm_759629372,ph_5602580389,em_2168099300,premium,north,bank,small,2026-08-20T00:00:00
CUST_000696,nm_194350832,ph_3145558025,em_2098616169,young,center,bank,small,2026-11-08T00:00:00
CUST_000697,nm_18597395,ph_5364252363,em_5122988715,young,south,bank,small,2026-10-28T00:00:00
CUST_000698,nm_322308752,ph_1782103449,em_384953249,young,south,bank,small,2026-05-05T00:00:00
CUST_000699,nm_285545879,ph_2900785114,em_2450314439,new,north,bank,small,2026-05-03T00:00:00
CUST_000700,nm_833460935,ph_8001557253,em_8502760309,mass,center,bank,small,2026-07-23T00:00:00
CUST_000701,nm_321751966,ph_8031208000,em_5301018333,mass,north,bank,small,2026-06-24T00:00:00
CUST_000702,nm_348826777,ph_2474619844,em_8338176575,young,north,bank,small,2026-08-27T00:00:00
CUST_000703,nm_510152236,ph_7199592278,em_4683748832,business,south,bank,small,2026-07-26T00:00:00
CUST_000704,nm_450111412,ph_8283407205,em_8489960867,business,north,bank,small,2026-01-21T00:00:00
CUST_000705,nm_381891181,ph_7719115618,em_3175102336,business,south,bank,small,2026-07-17T00:00:00
CUST_000706,nm_442901209,ph_9606919044,em_5776440674,business,south,bank,small,2026-09-26T00:00:00
CUST_000707,nm_638965012,ph_3084115171,em_8827584548,mass,north,bank,small,2026-09-24T00:00:00
CUST_000708,nm_997062986,ph_4108928388,em_8758464264,business,south,bank,small,2026-05-21T00:00:00
CUST_000709,nm_872203516,ph_5700576144,em_2831116333,premium,north,bank,small,2026-11-18T00:00:00
CUST_000710,nm_499329008,ph_9115576469,em_8700095262,mass,center,bank,small,2026-10-08T00:00:00
CUST_000711,nm_419029633,ph_7015065212,em_6940927451,premium,center,bank,small,2026-07-03T00:00:00
CUST_000712,nm_392430277,ph_5117228474,em_6958643611,new,south,bank,small,2026-09-07T00:00:00
CUST_000713,nm_276478500,ph_5456106008,em_4901141691,mass,south,bank,small,2026-09-02T00:00:00
CUST_000714,nm_505955995,ph_9325921422,em_4944815781,young,north,bank,small,2026-07-27T00:00:00
CUST_000715,nm_10590630,ph_8362611560,em_2110476307,mass,south,bank,small,2026-09-13T00:00:00
CUST_000716,nm_190323922,ph_8137259679,em_2211145711,mass,south,bank,small,2026-09-06T00:00:00
CUST_000717,nm_725628123,ph_8355924800,em_4665606986,mass,north,bank,small,2026-09-15T00:00:00
CUST_000718,nm_562986049,ph_7422919109,em_7965411713,business,center,bank,small,2026-06-16T00:00:00
CUST_000719,nm_186495913,ph_4030222510,em_1881671273,young,south,bank,small,2026-10-06T00:00:00
CUST_000720,nm_221041055,ph_8716568822,em_3209347874,premium,center,bank,small,2026-01-09T00:00:00
CUST_000721,nm_615467141,ph_3547823211,em_8828070903,business,center,bank,small,2026-09-05T00:00:00
CUST_000722,nm_596227912,ph_706071332,em_2562117632,mass,north,bank,small,2026-11-10T00:00:00
CUST_000723,nm_139943929,ph_4114928656,em_4389926124,mass,north,bank,small,2026-07-27T00:00:00
CUST_000724,nm_79453570,ph_2519814139,em_6499144135,business,south,bank,small,2026-04-19T00:00:00
CUST_000725,nm_552357483,ph_9590444724,em_3520633440,young,center,bank,small,2026-01-25T00:00:00
CUST_000726,nm_579350032,ph_9918588781,em_7267844078,business,center,bank,small,2026-09-15T00:00:00
CUST_000727,nm_874588622,ph_6095595307,em_8281092916,new,center,bank,small,2026-10-04T00:00:00
CUST_000728,nm_504837295,ph_2936342799,em_9566662665,business,south,bank,small,2026-04-16T00:00:00
CUST_000729,nm_348953504,ph_8179930248,em_6709928205,young,center,bank,small,2026-09-19T00:00:00
CUST_000730,nm_402667028,ph_4109241195,em_7045457641,business,north,bank,small,2026-09-22T00:00:00
CUST_000731,nm_843873739,ph_8760624000,em_5498050541,business,north,bank,small,2026-03-01T00:00:00
CUST_000732,nm_185362416,ph_6123913368,em_7765101165,new,north,bank,small,2026-07-25T00:00:00
CUST_000733,nm_156544689,ph_1303491137,em_9230223771,new,south,bank,small,2026-08-09T00:00:00
CUST_000734,nm_902836440,ph_4329214218,em_1622078758,young,center,bank,small,2026-12-18T00:00:00
CUST_000735,nm_372087452,ph_6822445188,em_646078877,new,north,bank,small,2026-01-04T00:00:00
CUST_000736,nm_576547510,ph_255536650,em_1586836299,business,south,bank,small,2026-06-15T00:00:00
CUST_000737,nm_15040937,ph_4497121580,em_4984572127,new,south,bank,small,2026-08-09T00:00:00
CUST_000738,nm_182435723,ph_5517667568,em_3017070442,young,south,bank,small,2026-02-19T00:00:00
CUST_000739,nm_389949000,ph_4365325694,em_7574066111,premium,center,bank,small,2026-08-17T00:00:00
CUST_000740,nm_645925134,ph_5114576947,em_9748135169,mass,north,bank,small,2026-12-29T00:00:00
CUST_000741,nm_287345048,ph_5901258256,em_4603545997,new,center,bank,small,2026-05-11T00:00:00
CUST_000742,nm_844715710,ph_5400492076,em_5657245782,business,center,bank,small,2026-04-30T00:00:00
CUST_000743,nm_265821446,ph_8573558655,em_2642311563,young,north,bank,small,2026-02-08T00:00:00
CUST_000744,nm_836677975,ph_1484882080,em_7609936686,new,north,bank,small,2026-12-21T00:00:00
CUST_000745,nm_642436611,ph_582139169,em_5979025143,new,south,bank,small,2026-10-22T00:00:00
CUST_000746,nm_54796230,ph_9931885597,em_41166918,premium,north,bank,small,2026-06-06T00:00:00
CUST_000747,nm_842806857,ph_8313904566,em_3057822787,new,south,bank,small,2026-04-09T00:00:00
CUST_000748,nm_158131696,ph_3950509317,em_6234039101,mass,center,bank,small,2026-05-23T00:00:00
CUST_000749,nm_613348668,ph_2367257902,em_2760347751,young,north,bank,small,2026-01-18T00:00:00
CUST_000750,nm_728910229,ph_5220984242,em_3996643805,premium,north,bank,small,2026-11-02T00:00:00
CUST_000751,nm_912886983,ph_6721942164,em_2533860462,new,north,bank,small,2026-05-17T00:00:00
CUST_000752,nm_410597034,ph_2425437585,em_1582097338,young,center,bank,small,2026-02-01T00:00:00
CUST_000753,nm_478684845,ph_5812156324,em_9212830440,business,center,bank,small,2026-09-27T00:00:00
CUST_000754,nm_932403274,ph_6330858974,em_3767043837,young,center,bank,small,2026-10-25T00:00:00
CUST_000755,nm_320790996,ph_9199518405,em_6229943651,premium,center,bank,small,2026-09-10T00:00:00
CUST_000756,nm_895256090,ph_6685628209,em_3230998514,new,south,bank,small,2026-01-30T00:00:00
CUST_000757,nm_757037772,ph_5262650603,em_6999086434,premium,south,bank,small,2026-10-02T00:00:00
CUST_000758,nm_23121879,ph_2374638852,em_311118443,premium,center,bank,small,2026-02-03T00:00:00
CUST_000759,nm_827719945,ph_7721534637,em_8018920384,mass,north,bank,small,2026-11-03T00:00:00
CUST_000760,nm_184465204,ph_7423698664,em_4879091128,business,center,bank,small,2026-11-19T00:00:00
CUST_000761,nm_673675280,ph_8134084714,em_7336189677,new,north,bank,small,2026-09-10T00:00:00
CUST_000762,nm_514614703,ph_3933591523,em_9702001850,new,south,bank,small,2026-07-03T00:00:00
CUST_000763,nm_73620239,ph_3929210091,em_1078176945,young,center,bank,small,2026-02-01T00:00:00
CUST_000764,nm_622409034,ph_2899213167,em_7692174781,young,north,bank,small,2026-09-16T00:00:00
CUST_000765,nm_319836016,ph_8710446028,em_1835872122,mass,south,bank,small,2026-11-08T00:00:00
CUST_000766,nm_612015215,ph_7188112888,em_4257356371,mass,north,bank,small,2026-07-16T00:00:00
CUST_000767,nm_701755572,ph_5546587898,em_9227604539,new,north,bank,small,2026-09-30T00:00:00
CUST_000768,nm_281131472,ph_9861689465,em_303259024,premium,south,bank,small,2026-05-24T00:00:00
CUST_000769,nm_455503281,ph_3846268602,em_5342659558,mass,north,bank,small,2026-05-31T00:00:00
CUST_000770,nm_387215641,ph_3836073601,em_9376159430,business,south,bank,small,2026-04-28T00:00:00
CUST_000771,nm_247998788,ph_7800023176,em_2496719909,mass,center,bank,small,2026-12-30T00:00:00
CUST_000772,nm_556048539,ph_8249557755,em_719081851,mass,center,bank,small,2026-06-16T00:00:00
CUST_000773,nm_460387929,ph_8682858422,em_8960610480,business,north,bank,small,2026-01-15T00:00:00
CUST_000774,nm_235834771,ph_8147465943,em_5949912424,new,south,bank,small,2026-12-19T00:00:00
CUST_000775,nm_36586829,ph_4953205004,em_5242467141,new,center,bank,small,2026-03-27T00:00:00
CUST_000776,nm_143643506,ph_3890267924,em_1178647755,young,south,bank,small,2026-07-17T00:00:00
CUST_000777,nm_952778390,ph_8800685264,em_7944446292,mass,south,bank,small,2026-06-07T00:00:00
CUST_000778,nm_404330685,ph_9003905360,em_9624032799,young,center,bank,small,2026-12-04T00:00:00
CUST_000779,nm_237648539,ph_3694074021,em_8425213906,young,south,bank,small,2026-05-09T00:00:00
CUST_000780,nm_189922225,ph_4737554617,em_6898709400,young,center,bank,small,2026-10-30T00:00:00
CUST_000781,nm_271944401,ph_1602324588,em_5987336938,young,north,bank,small,2026-11-06T00:00:00
CUST_000782,nm_93913136,ph_6029215674,em_8838797838,premium,north,bank,small,2026-07-19T00:00:00
CUST_000783,nm_200894491,ph_7399361036,em_4396951885,mass,center,bank,small,2026-05-21T00:00:00
CUST_000784,nm_287149315,ph_9498844018,em_7389778068,premium,south,bank,small,2026-05-30T00:00:00
CUST_000785,nm_383618367,ph_7312446436,em_2673869793,new,north,bank,small,2026-12-02T00:00:00
CUST_000786,nm_999659699,ph_7106202182,em_3641910630,new,north,bank,small,2026-12-27T00:00:00
CUST_000787,nm_347847615,ph_5322676346,em_5457417200,new,south,bank,small,2026-09-16T00:00:00
CUST_000788,nm_641859343,ph_8442285258,em_3363263951,mass,south,bank,small,2026-03-30T00:00:00
CUST_000789,nm_109435660,ph_8891340531,em_2731526765,business,north,bank,small,2026-12-19T00:00:00
CUST_000790,nm_853136417,ph_4946382605,em_7298751860,new,north,bank,small,2026-09-04T00:00:00
CUST_000791,nm_629716100,ph_2068410875,em_8845262308,business,center,bank,small,2026-01-19T00:00:00
CUST_000792,nm_650079876,ph_3521529438,em_6070731300,mass,north,bank,small,2026-12-01T00:00:00
CUST_000793,nm_789727909,ph_3074577416,em_7705539419,young,south,bank,small,2026-02-19T00:00:00
CUST_000794,nm_61387055,ph_6664733557,em_8935472823,new,center,bank,small,2026-07-21T00:00:00
CUST_000795,nm_201817350,ph_1934542181,em_7757249426,mass,center,bank,small,2026-10-02T00:00:00
CUST_000796,nm_43168501,ph_9678460906,em_7777834463,business,center,bank,small,2026-01-12T00:00:00
CUST_000797,nm_650393300,ph_6283689641,em_6894345303,new,center,bank,small,2026-07-03T00:00:00
CUST_000798,nm_830960873,ph_8007505948,em_3264574894,new,south,bank,small,2026-01-25T00:00:00
CUST_000799,nm_285544214,ph_5273507983,em_1140242749,mass,north,bank,small,2026-02-24T00:00:00
